{
  "service": {
    "service": "hello-world-test",
    "serviceObject": {
      "name": "hello-world-test"
    },
    "provider": {
      "stage": "dev",
      "region": "us-east-1",
      "variableSyntax": "\\${([ :a-zA-Z0-9._,\\-\\/\\(\\)]+?)}",
      "name": "aws",
      "runtime": "nodejs6.10",
      "versionFunctions": true,
      "remoteFunctionData": null,
      "compiledCloudFormationTemplate": {
        "AWSTemplateFormatVersion": "2010-09-09",
        "Description": "The AWS CloudFormation template for this Serverless application",
        "Resources": {
          "ServerlessDeploymentBucket": {
            "Type": "AWS::S3::Bucket"
          },
          "EchoLogGroup": {
            "Type": "AWS::Logs::LogGroup",
            "Properties": {
              "LogGroupName": "/aws/lambda/hello-world-test-dev-echo"
            }
          },
          "IamRoleLambdaExecution": {
            "Type": "AWS::IAM::Role",
            "Properties": {
              "AssumeRolePolicyDocument": {
                "Version": "2012-10-17",
                "Statement": [
                  {
                    "Effect": "Allow",
                    "Principal": {
                      "Service": [
                        "lambda.amazonaws.com"
                      ]
                    },
                    "Action": [
                      "sts:AssumeRole"
                    ]
                  }
                ]
              },
              "Policies": [
                {
                  "PolicyName": {
                    "Fn::Join": [
                      "-",
                      [
                        "dev",
                        "hello-world-test",
                        "lambda"
                      ]
                    ]
                  },
                  "PolicyDocument": {
                    "Version": "2012-10-17",
                    "Statement": [
                      {
                        "Effect": "Allow",
                        "Action": [
                          "logs:CreateLogStream"
                        ],
                        "Resource": [
                          {
                            "Fn::Sub": "arn:aws:logs:${AWS::Region}:${AWS::AccountId}:log-group:/aws/lambda/hello-world-test-dev-echo:*"
                          }
                        ]
                      },
                      {
                        "Effect": "Allow",
                        "Action": [
                          "logs:PutLogEvents"
                        ],
                        "Resource": [
                          {
                            "Fn::Sub": "arn:aws:logs:${AWS::Region}:${AWS::AccountId}:log-group:/aws/lambda/hello-world-test-dev-echo:*:*"
                          }
                        ]
                      }
                    ]
                  }
                }
              ],
              "Path": "/",
              "RoleName": {
                "Fn::Join": [
                  "-",
                  [
                    "hello-world-test",
                    "dev",
                    "us-east-1",
                    "lambdaRole"
                  ]
                ]
              }
            }
          },
          "EchoLambdaFunction": {
            "Type": "AWS::Lambda::Function",
            "Properties": {
              "Code": {
                "S3Bucket": {
                  "Ref": "ServerlessDeploymentBucket"
                },
                "S3Key": "serverless/hello-world-test/dev/1500141677701-2017-07-15T18:01:17.701Z/hello-world-test.zip"
              },
              "FunctionName": "hello-world-test-dev-echo",
              "Handler": "index.handler",
              "MemorySize": 256,
              "Role": {
                "Fn::GetAtt": [
                  "IamRoleLambdaExecution",
                  "Arn"
                ]
              },
              "Runtime": "nodejs6.10",
              "Timeout": 6
            },
            "DependsOn": [
              "EchoLogGroup",
              "IamRoleLambdaExecution"
            ]
          },
          "EchoLambdaVersionmHN4nhkLKVqJhIIKuNFSsc2UTFD0iiZYlb2xirUJy0": {
            "Type": "AWS::Lambda::Version",
            "DeletionPolicy": "Retain",
            "Properties": {
              "FunctionName": {
                "Ref": "EchoLambdaFunction"
              },
              "CodeSha256": "mHN4nhkLKVqJhIIKuNFSsc2UTFD0iiZYlb2xir/UJy0="
            }
          },
          "EchoLambdaPermissionAlexaSkill": {
            "Type": "AWS::Lambda::Permission",
            "Properties": {
              "FunctionName": {
                "Fn::GetAtt": [
                  "EchoLambdaFunction",
                  "Arn"
                ]
              },
              "Action": "lambda:InvokeFunction",
              "Principal": "alexa-appkit.amazon.com"
            }
          }
        },
        "Outputs": {
          "ServerlessDeploymentBucketName": {
            "Value": {
              "Ref": "ServerlessDeploymentBucket"
            }
          },
          "EchoLambdaFunctionQualifiedArn": {
            "Description": "Current Lambda function version",
            "Value": {
              "Ref": "EchoLambdaVersionmHN4nhkLKVqJhIIKuNFSsc2UTFD0iiZYlb2xirUJy0"
            }
          }
        }
      },
      "coreCloudFormationTemplate": {
        "AWSTemplateFormatVersion": "2010-09-09",
        "Description": "The AWS CloudFormation template for this Serverless application",
        "Resources": {
          "ServerlessDeploymentBucket": {
            "Type": "AWS::S3::Bucket"
          }
        },
        "Outputs": {
          "ServerlessDeploymentBucketName": {
            "Value": {
              "Ref": "ServerlessDeploymentBucket"
            }
          }
        }
      },
      "vpc": {}
    },
    "functions": {
      "echo": {
        "handler": "index.handler",
        "memorySize": 256,
        "events": [
          "alexaSkill"
        ],
        "name": "hello-world-test-dev-echo",
        "package": {},
        "vpc": {}
      }
    },
    "artifact": "C:\\Users\\Akilah\\lambda-hello-world\\lambda\\.serverless\\hello-world-test.zip"
  },
  "package": {
    "artifactDirectoryName": "serverless/hello-world-test/dev/1500141677701-2017-07-15T18:01:17.701Z",
    "artifact": "hello-world-test.zip"
  }
}